书名,作者,时间,rar下载,txt下载,相关度,介绍
007前传・银鳍,[英]查理・汉格森,2011/10/22 11:56,https://xiazai.xqishu.com/rar/007前传・银鳍.rar,https://xiazai.xqishu.com/txt/007前传・银鳍.txt,0,暂无
16岁未婚妻,幻月痕,2011/10/24 13:46,https://xiazai.xqishu.com/rar/16岁未婚妻.rar,https://xiazai.xqishu.com/txt/16岁未婚妻.txt,0,朱婷婷是一个十六岁的高一学生。五一节的前一天她从爷爷的口中得知自己有一个指腹为婚的未婚夫，这个未婚夫还比自己大十一岁
1年7班恶男团,七喜,2011/10/27 1:22,https://xiazai.xqishu.com/rar/1年7班恶男团.rar,https://xiazai.xqishu.com/txt/1年7班恶男团.txt,0,jar电子书格式
1王9宫12帅,郭妮,2012/2/22 12:39,https://xiazai.xqishu.com/rar/1王9宫12帅.rar,https://xiazai.xqishu.com/txt/1王9宫12帅.txt,0,为了赢得胜利，乐小莲决定拉拢沈雪池，而冷漠甚至有些自闭的沈雪池一心想找出酿成车祸的“罪魁祸首”。没想到这个人竟然就是嚣张的萧岩风！
7号禁猎区,泠墨然,2011/10/18 3:30,https://xiazai.xqishu.com/rar/7号禁猎区.rar,https://xiazai.xqishu.com/txt/7号禁猎区.txt,0,地球少女毛安安忽悠众多美男的奇妙之旅
DarkMoon,长空映雪,2011/10/18 3:30,https://xiazai.xqishu.com/rar/DarkMoon.rar,https://xiazai.xqishu.com/txt/DarkMoon.txt,0,他看着美丽的女子红唇微张，微笑着狠狠吻上去。
阿宝公主,于晴,2011/10/22 19:27,https://xiazai.xqishu.com/rar/阿宝公主.rar,https://xiazai.xqishu.com/txt/阿宝公主.txt,0,暂无
爱得漂亮又gogo,冬儿,2011/10/24 0:57,https://xiazai.xqishu.com/rar/爱得漂亮又gogo.rar,https://xiazai.xqishu.com/txt/爱得漂亮又gogo.txt,0,瞧他一动也不动的――脸上还有血！她真的什么都想不起来了！
爱的魔咒,解__,2011/10/23 20:29,https://xiazai.xqishu.com/rar/爱的魔咒.rar,https://xiazai.xqishu.com/txt/爱的魔咒.txt,0,不要以为梦幻永远是虚幻的，不要以为魔法只是舞台上的错觉。当某一天，梦幻与现实的平行突然改变轨迹，魔法可不只是想找你开个玩笑。《爱的魔咒》延续《我为歌狂》、《爱上爱情》两本书的青春校园主题，别出心裁地创意了一个关于“幻影岛”的漫画，由天使主管的地界――幻影岛，分为明界与暗域两部分，他们的代表人物分别为明界战士光和暗域魔法师影两人。而在现实中，天使、光和影都因龙域学院的漫画社团而聚在一起
爱的漩涡,伊恩・弗莱明,2011/10/22 11:56,https://xiazai.xqishu.com/rar/爱的漩涡.rar,https://xiazai.xqishu.com/txt/爱的漩涡.txt,0,暂无
爱你甭商量,萝卜君,2011/10/24 19:42,https://xiazai.xqishu.com/rar/爱你甭商量.rar,https://xiazai.xqishu.com/txt/爱你甭商量.txt,0,撒加是一个漫画小组的组长，经过了几年的努力，终于小有名气。正在小组准备扩员的时候，一个俊美的如阳光般的男孩进入了他的视线。故事就此开始
爱你的十个理由,席绢,2011/10/23 20:30,https://xiazai.xqishu.com/rar/爱你的十个理由.rar,https://xiazai.xqishu.com/txt/爱你的十个理由.txt,0,即使打破_也_有人_相信他竟然暗_一_女_生_年之久。
爱情，两好三坏,九把刀,2011/10/22 11:56,https://xiazai.xqishu.com/rar/爱情，两好三坏.rar,https://xiazai.xqishu.com/txt/爱情，两好三坏.txt,0,暂无
爱情从下半身开始,林如是,2011/10/24 0:57,https://xiazai.xqishu.com/rar/爱情从下半身开始.rar,https://xiazai.xqishu.com/txt/爱情从下半身开始.txt,0,冷傲叛逆如她，虽不屑男欢女爱，儿女情长，却仍是闪避不了爱神的利箭，向下半身的需索降服。是他开始了这一切，
爱情呼叫转移,刘仪伟,2011/10/27 1:22,https://xiazai.xqishu.com/rar/爱情呼叫转移.rar,https://xiazai.xqishu.com/txt/爱情呼叫转移.txt,0,jar电子书格式
爱情是个懒东西,张楠,2011/10/21 5:06,https://xiazai.xqishu.com/rar/爱情是个懒东西.rar,https://xiazai.xqishu.com/txt/爱情是个懒东西.txt,0,你不去理它，它也不会来招惹你。
爱情贴,岑凯伦,2012/2/22 23:03,https://xiazai.xqishu.com/rar/爱情贴.rar,https://xiazai.xqishu.com/txt/爱情贴.txt,0,美丽的白宛司小姐有许多追求者，
爱如春风,岑凯伦,2012/2/22 23:03,https://xiazai.xqishu.com/rar/爱如春风.rar,https://xiazai.xqishu.com/txt/爱如春风.txt,0,美丽、好强的翠茜在电梯里与英俊、风流的包天奇结成冤家，包天奇为了报复不择手段设下圈套，骗取了翠茜的感情，并留下了感表的结晶又在即将举行婚礼前夕抛弃了翠茜。
爱上一只鬼,公孙羽,2011/10/24 19:42,https://xiazai.xqishu.com/rar/爱上一只鬼.rar,https://xiazai.xqishu.com/txt/爱上一只鬼.txt,0,该睿昏死在我怀里，就在那一刻，我想到了养尸，我要养该睿的尸，我才不管他死掉没有，我要他留在这里陪我，因为?因为因为我这么爱他。我双手结成符印，口念咒语，我开始召唤该睿的魂灵，我突然感到胸口一震，全身也随之猛然晃动了一下，手中结的符印因此散开，我大惊失色，该睿竟然不在阴间！我再试，这次震荡更大，一道半透明的影子突然从该睿的尸身上浮起，我终于看到了该睿的灵体，他只想回家啦！
爱神,何雨蝶,2015/4/17 6:35,https://xiazai.xqishu.com/rar/爱神.rar,https://xiazai.xqishu.com/txt/爱神.txt,0,暂无
爱我不必太痴心,席绢,2011/10/23 20:29,https://xiazai.xqishu.com/rar/爱我不必太痴心.rar,https://xiazai.xqishu.com/txt/爱我不必太痴心.txt,0,他是_俊逸多金的花花公子，她只是__明不外露的美_花瓶；
爱我好不好,爱情有害健康,2011/10/27 1:22,https://xiazai.xqishu.com/rar/爱我好不好.rar,https://xiazai.xqishu.com/txt/爱我好不好.txt,0,jar电子书格式
爱与乐的彼岸,春十三少,2012/2/22 23:03,https://xiazai.xqishu.com/rar/爱与乐的彼岸.rar,https://xiazai.xqishu.com/txt/爱与乐的彼岸.txt,0,但有一些人，终其一生都在寻找
爱在唐朝,杨家丫头,2011/10/24 19:42,https://xiazai.xqishu.com/rar/爱在唐朝.rar,https://xiazai.xqishu.com/txt/爱在唐朝.txt,0,"有一种神秘,灰色的漩涡,将我卷入了,迷雾中"
俺见识过的不寻常女人,老砖,2011/10/24 0:57,https://xiazai.xqishu.com/rar/俺见识过的不寻常女人.rar,https://xiazai.xqishu.com/txt/俺见识过的不寻常女人.txt,0,大家不要误会，所谓见识，不过是从旁边见到，并未亲身体会。
暗算,麦家,2012/2/22 12:39,https://xiazai.xqishu.com/rar/暗算.rar,https://xiazai.xqishu.com/txt/暗算.txt,0,坦率地说：本书比《解密》更好看。?本书依然讲述了那个神秘之地――“701”的故事。依然是一些秘而不宣的天才人物的无墨登场、绝地厮杀。依然充满了与秘密、神密相纠缠的悬疑情节，以及与偶然、未知相关联的无常的命运。跟博尔赫斯一样，麦家偏爱书写“传奇”，但目的不是讲一个传奇的故事就了事，而是挖地三尺，挖得人揪心的痛，像剥除了皮肉，又洒了盐。有评论家称麦家的小说是“新智力小说”。但我们认为，不如叫“特情小说”更切中要害。
暗夜潜行,深海之沙,2011/10/23 20:30,https://xiazai.xqishu.com/rar/暗夜潜行.rar,https://xiazai.xqishu.com/txt/暗夜潜行.txt,0,它作出退让它憎恨光明
傲慢金钗,任倩筠,2015/4/17 6:32,https://xiazai.xqishu.com/rar/傲慢金钗.rar,https://xiazai.xqishu.com/txt/傲慢金钗.txt,0,暂无
傲气少东别太狂,棠凌,2011/10/24 6:15,https://xiazai.xqishu.com/rar/傲气少东别太狂.rar,https://xiazai.xqishu.com/txt/傲气少东别太狂.txt,0,却差点给车撞了，然后吓到晕倒送医院！
八月樱桃,岑凯伦,2012/2/22 23:03,https://xiazai.xqishu.com/rar/八月樱桃.rar,https://xiazai.xqishu.com/txt/八月樱桃.txt,0,李素心父母双亡，与姐姐蕙心相依为命，
巴巴罗萨来客,约翰・加德纳,2011/10/22 11:56,https://xiazai.xqishu.com/rar/巴巴罗萨来客.rar,https://xiazai.xqishu.com/txt/巴巴罗萨来客.txt,0,暂无
巴黎爱情,韦敏,2011/10/24 13:46,https://xiazai.xqishu.com/rar/巴黎爱情.rar,https://xiazai.xqishu.com/txt/巴黎爱情.txt,0,米卡，这个在巴黎街头倒卖LV箱包的偷渡女孩，有着极其不幸的过去，17岁被继父强奸，生下小孩，却在外人面前扮演姐弟。她遇到了为躲避一场纠缠了数十年的“姐弟恋”而从纽约逃离到巴黎的心外科医生纪安之，演绎了一把刻骨铭心的爱情；她以为好日子从此属于她，不料噩梦再次降临，前尘旧事总是藕断丝连?作者以幽微动人的笔触书写了真爱与欲望的悲情往事。所有的荡气回肠和遗憾无奈都徘徊在一个高不可攀的世界顶级奢侈品牌（LV）和一个卑贱渺小的偷渡女人之间。...
拔辣鲜报,席绢,2011/10/23 20:29,https://xiazai.xqishu.com/rar/拔辣鲜报.rar,https://xiazai.xqishu.com/txt/拔辣鲜报.txt,0,第一期：????????报
霸爱柔情,魔女,2011/10/24 0:57,https://xiazai.xqishu.com/rar/霸爱柔情.rar,https://xiazai.xqishu.com/txt/霸爱柔情.txt,0,她第一次见到他，是在车祸现场
霸王的笨美,萧宣,2011/10/27 1:22,https://xiazai.xqishu.com/rar/霸王的笨美.rar,https://xiazai.xqishu.com/txt/霸王的笨美.txt,0,jar电子书格式
白狐之前生债,暖流香,2011/10/22 19:27,https://xiazai.xqishu.com/rar/白狐之前生债.rar,https://xiazai.xqishu.com/txt/白狐之前生债.txt,0,暂无
白马王子,茱丽・嘉伍德,2015/4/17 20:19,https://xiazai.xqishu.com/rar/白马王子.rar,https://xiazai.xqishu.com/txt/白马王子.txt,0,暂无
白马王子来报到,慕容雪,2011/10/24 13:46,https://xiazai.xqishu.com/rar/白马王子来报到.rar,https://xiazai.xqishu.com/txt/白马王子来报到.txt,0,难得有机会回来台湾，没想到老爸却耍贱招威胁他，
白袍神探,海寒,2011/10/27 1:22,https://xiazai.xqishu.com/rar/白袍神探.rar,https://xiazai.xqishu.com/txt/白袍神探.txt,0,jar电子书格式
摆平美女经理,耳水,2011/10/27 1:22,https://xiazai.xqishu.com/rar/摆平美女经理.rar,https://xiazai.xqishu.com/txt/摆平美女经理.txt,0,jar电子书格式
败家女胖娘娘,夭遥杳鹞,2011/10/22 1:20,https://xiazai.xqishu.com/rar/败家女胖娘娘.rar,https://xiazai.xqishu.com/txt/败家女胖娘娘.txt,0,暂无
败金金钗,唐昕,2015/4/17 6:54,https://xiazai.xqishu.com/rar/败金金钗.rar,https://xiazai.xqishu.com/txt/败金金钗.txt,0,暂无
半价出租的情妇,玛奇朵,2011/10/21 5:04,https://xiazai.xqishu.com/rar/半价出租的情妇.rar,https://xiazai.xqishu.com/txt/半价出租的情妇.txt,0,电流啪滋啪滋从他的手传到她的心，
半劫小仙,o滴神,2011/10/18 3:31,https://xiazai.xqishu.com/rar/半劫小仙.rar,https://xiazai.xqishu.com/txt/半劫小仙.txt,0,修个无上大道，
半妖怜,花花了,2011/10/24 19:42,https://xiazai.xqishu.com/rar/半妖怜.rar,https://xiazai.xqishu.com/txt/半妖怜.txt,0,类别：言情-千千心结
薄荷荼縻梨花白,电线,2011/10/22 1:20,https://xiazai.xqishu.com/rar/薄荷荼縻梨花白.rar,https://xiazai.xqishu.com/txt/薄荷荼縻梨花白.txt,0,暂无
宝贝最无敌,趴趴,2011/10/26 15:36,https://xiazai.xqishu.com/rar/宝贝最无敌.rar,https://xiazai.xqishu.com/txt/宝贝最无敌.txt,0,向爹爹诉苦舅舅不让睡觉，其实是缠着舅舅讲了一晚上的故事；?
报恩那么难,席绢,2011/10/23 20:29,https://xiazai.xqishu.com/rar/报恩那么难.rar,https://xiazai.xqishu.com/txt/报恩那么难.txt,0,．．．．．．就是这味道！
报恩要以身相许！,舒丹,2011/10/18 3:30,https://xiazai.xqishu.com/rar/报恩要以身相许！.rar,https://xiazai.xqishu.com/txt/报恩要以身相许！.txt,0,她明明身手矫健，武功也不差，若是他不多管闲事，她绝对不会受伤！
抱你在身边,天水若云,2011/10/25 12:45,https://xiazai.xqishu.com/rar/抱你在身边.rar,https://xiazai.xqishu.com/txt/抱你在身边.txt,0,她只是现代的一个爱做白日梦的小MM。
暴动王妃,李蜜,2011/10/27 1:22,https://xiazai.xqishu.com/rar/暴动王妃.rar,https://xiazai.xqishu.com/txt/暴动王妃.txt,0,jar电子书格式
北京棋缘,涵昭,2011/10/21 5:04,https://xiazai.xqishu.com/rar/北京棋缘.rar,https://xiazai.xqishu.com/txt/北京棋缘.txt,0,千万别以为本书是看不懂的类型，围棋世界照样有刺激人性的竞技快感，勾人心魄的男女激情，说不定您还会因此爱上围棋喔！
北神将,绮月,2011/10/26 15:36,https://xiazai.xqishu.com/rar/北神将.rar,https://xiazai.xqishu.com/txt/北神将.txt,0,jar电子书格式
奔日,雪脂蜂蜜,2012/2/22 23:03,https://xiazai.xqishu.com/rar/奔日.rar,https://xiazai.xqishu.com/txt/奔日.txt,0,"抵死相爱的恋人,能否永远在一起?"
碧云天,琼瑶,2011/10/22 1:18,https://xiazai.xqishu.com/rar/碧云天.rar,https://xiazai.xqishu.com/txt/碧云天.txt,0,暂无
变身游戏,临歌,2011/10/24 6:15,https://xiazai.xqishu.com/rar/变身游戏.rar,https://xiazai.xqishu.com/txt/变身游戏.txt,0,一次车祸却让他的生命终结。同时，灵魂附在了一个披父亲卖予他人的少年身上。
变态公子,阿娟,2011/10/26 15:36,https://xiazai.xqishu.com/rar/变态公子.rar,https://xiazai.xqishu.com/txt/变态公子.txt,0,jar电子书格式
变态灵异学园,蝙蝠,2011/10/27 1:22,https://xiazai.xqishu.com/rar/变态灵异学园.rar,https://xiazai.xqishu.com/txt/变态灵异学园.txt,0,jar电子书格式
别把血牛不当受,奈仔,2012/2/22 12:39,https://xiazai.xqishu.com/rar/别把血牛不当受.rar,https://xiazai.xqishu.com/txt/别把血牛不当受.txt,0,"网游文，血牛受和祭师攻,无恢弘气势无惊世隐情,华丽的完结~在那个网游拟真度真度99%的未来世界中，我们可爱的网游白痴叶子同学在室友的怂恿下进入了一个叫做神奇的网络游戏中～运气超“强”的叶子成为游戏中唯一的国宝半兽，依次遇上了在游戏排行榜上赫赫有名的女法师草莓，骑士斩魂，首富北，顶级法师V等等，组建了神奇第一个工会和最强的游戏团队，展开了轰轰烈烈的冒险～～顺便收获了甜蜜的爱情～"
别叫我老公,宝古佬老穆,2011/10/26 15:36,https://xiazai.xqishu.com/rar/别叫我老公.rar,https://xiazai.xqishu.com/txt/别叫我老公.txt,0,jar电子书格式
别让我作貂婵,弋然,2011/10/26 15:36,https://xiazai.xqishu.com/rar/别让我作貂婵.rar,https://xiazai.xqishu.com/txt/别让我作貂婵.txt,0,jar电子书格式
别让相思染上身,席绢,2011/10/23 20:30,https://xiazai.xqishu.com/rar/别让相思染上身.rar,https://xiazai.xqishu.com/txt/别让相思染上身.txt,0,如愿得偿了！她终于爬到三十五楼了！爬了三年呢
冰儿,琼瑶,2011/10/22 1:18,https://xiazai.xqishu.com/rar/冰儿.rar,https://xiazai.xqishu.com/txt/冰儿.txt,0,暂无
玻璃娃娃的梦,千悠,2011/10/24 19:42,https://xiazai.xqishu.com/rar/玻璃娃娃的梦.rar,https://xiazai.xqishu.com/txt/玻璃娃娃的梦.txt,0,然而，有一天命运的转轮带她到了另一个不同的国度，悄然降临的丘比特之箭把她平淡的生命点亮，可是，痛苦与泪水，误会与决裂也随之接踵而至，她能坚持最初的那份玻璃之心拥有属于自己的幸福吗？?
不当王妃好不好,crystal灵菲,2011/10/25 12:45,https://xiazai.xqishu.com/rar/不当王妃好不好.rar,https://xiazai.xqishu.com/txt/不当王妃好不好.txt,0,可是谁能告诉我这又是怎么回事？为什么我和皇宫里的六王爷订下了娃娃亲？而且就是今年要去皇宫！不行啊！本小姐才芳龄18呢！怎么能这么早就嫁人了捏！于是，为了摆脱当王妃的危险，一个惊天地、泣鬼神的计划就在我脑海里形成啦！可是人算不如天算
不归路,Isabelle,2011/10/22 1:19,https://xiazai.xqishu.com/rar/不归路.rar,https://xiazai.xqishu.com/txt/不归路.txt,0,暂无
不请郎自来,席绢,2011/10/23 20:30,https://xiazai.xqishu.com/rar/不请郎自来.rar,https://xiazai.xqishu.com/txt/不请郎自来.txt,0,六年三十七两，卖了！?
不想使坏的男人,菲菲,2011/10/26 15:36,https://xiazai.xqishu.com/rar/不想使坏的男人.rar,https://xiazai.xqishu.com/txt/不想使坏的男人.txt,0,jar电子书格式
不许动 把爱叫出来,№1百变小魔头,2011/10/24 13:46,https://xiazai.xqishu.com/rar/不许动 把爱叫出来.rar,https://xiazai.xqishu.com/txt/不许动 把爱叫出来.txt,0,他不过是被人陷害，而此人不巧又是他的亲大哥；她不过是机缘巧合，而也不巧的是她“回”到了他的身边；她谎称她是仙女下凡，他只有点头相信的份。谁让他有求于她？又谁让她前世就欠下了他的债呢？?
不要相信那个傻子,紫色的鱼,2012/2/22 12:39,https://xiazai.xqishu.com/rar/不要相信那个傻子.rar,https://xiazai.xqishu.com/txt/不要相信那个傻子.txt,0,可是傻人有傻福，在家里爹爹疼，娘亲爱。还被武林传说中的高手，云牙老人收为徒弟。
不知死活,花若,2011/10/24 13:46,https://xiazai.xqishu.com/rar/不知死活.rar,https://xiazai.xqishu.com/txt/不知死活.txt,0,你怎么忍心离开？怎么可以在给了我希望后又残忍的离开？不行，我不能放开，我不能放开生命中的光，谁又能放开落入掌心的星光？
不做豪门梦的灰姑娘,薛之雪,2011/10/16 8:06,https://xiazai.xqishu.com/rar/不做豪门梦的灰姑娘.rar,https://xiazai.xqishu.com/txt/不做豪门梦的灰姑娘.txt,0,拒绝豪门梦，王子靠边站，别样人生，自己奋斗
步步惊心,桐华,2015/4/17 15:04,https://xiazai.xqishu.com/rar/步步惊心.rar,https://xiazai.xqishu.com/txt/步步惊心.txt,0,"2005年，深圳华灯初上的街道，比白天多了几分妩媚温柔，张小文身着浅蓝套装，在昏黄的灯光下显得有些疲惫。刚进楼门却想起浴室的灯泡坏了，忙转身向楼旁的便利店走去。开门，打灯，踢鞋，扔包，一气呵成。张小文从阳台上把沉重的梯子一点点挪到浴室，试了试平衡，小心翼翼上了梯子，突然脚一滑，“啊”的一声惊叫，身子后仰重重摔倒在瓷砖地上，一动不动。清、康熙43年，北京湖边景亭的走道,面对面站着两位十三四岁的姑娘。穿鹅黄衫子的已是赏完湖景，正欲下楼，着浅蓝衫子的也就差着两步,即可上到亭间欣赏美景。但楼梯较窄，一人走富裕，却绝不能两人同行。双方又都不想让路。二人同时提脚，迈步，挤在了一起，浅蓝衫子的小姑娘因在下方不好用力，脚一滑，“啊”的一声从楼梯滚下，摔落地上，一动不动。"
擦肩而过的距离,月儿宝贝,2011/10/24 6:15,https://xiazai.xqishu.com/rar/擦肩而过的距离.rar,https://xiazai.xqishu.com/txt/擦肩而过的距离.txt,0,“有一种感觉，让我害怕，当你在音讯全无的时候，我却在无声的坠落，对你的爱越深，好像你离我越远
彩虹公主,岑凯伦,2012/2/22 23:03,https://xiazai.xqishu.com/rar/彩虹公主.rar,https://xiazai.xqishu.com/txt/彩虹公主.txt,0,彩虹公主是一个十八岁的漂亮女孩子，心地善良。
彩霞满天,琼瑶,2011/10/22 1:18,https://xiazai.xqishu.com/rar/彩霞满天.rar,https://xiazai.xqishu.com/txt/彩霞满天.txt,0,暂无
彩云飞,琼瑶,2011/10/22 1:18,https://xiazai.xqishu.com/rar/彩云飞.rar,https://xiazai.xqishu.com/txt/彩云飞.txt,0,暂无
草莓加柠檬,暮海惊云,2011/10/22 1:19,https://xiazai.xqishu.com/rar/草莓加柠檬.rar,https://xiazai.xqishu.com/txt/草莓加柠檬.txt,0,暂无
超能力魔女,季_燕,2015/4/17 6:36,https://xiazai.xqishu.com/rar/超能力魔女.rar,https://xiazai.xqishu.com/txt/超能力魔女.txt,0,暂无
超能力侦探,海风翎,2011/10/24 6:15,https://xiazai.xqishu.com/rar/超能力侦探.rar,https://xiazai.xqishu.com/txt/超能力侦探.txt,0,他为人单纯，并没有什么大的志向，像是为真相而努力。他只是像其他的普通的孩子一样生活的男孩子，可那些案件就像冤鬼缠身似的络绎地找上门来（真不知道他是不是倒霉！）但他开朗单纯的性格让他对那些案件逆来顺受，并认识了他一生中唯一喜欢的女孩子。
潮声,琼瑶,2011/10/22 1:18,https://xiazai.xqishu.com/rar/潮声.rar,https://xiazai.xqishu.com/txt/潮声.txt,0,暂无
晨风迟，雨落溪,幽洇若,2012/2/22 23:03,https://xiazai.xqishu.com/rar/晨风迟，雨落溪.rar,https://xiazai.xqishu.com/txt/晨风迟，雨落溪.txt,0,为摆脱悲伤而来的溪，从踏上这片土地就注定了要面临命中的劫数~?如果可以她愿一直在那梅花树下坐下去，不要长大，不要忘却~?无形的风蚀了半边城墙，摧毁了她的心防，是同情，抑或是爱恋？孤傲的晨，固执的守候曦的光芒，却冲不破层层的迷雾；温柔的...
晨昏,辛夷坞,2011/10/23 16:57,https://xiazai.xqishu.com/rar/晨昏.rar,https://xiazai.xqishu.com/txt/晨昏.txt,0,“因为我怕黑。”
称霸武林的厨师,于晴,2011/10/27 1:22,https://xiazai.xqishu.com/rar/称霸武林的厨师.rar,https://xiazai.xqishu.com/txt/称霸武林的厨师.txt,0,jar电子书格式
城堡里没有公主,席绢,2011/10/23 20:30,https://xiazai.xqishu.com/rar/城堡里没有公主.rar,https://xiazai.xqishu.com/txt/城堡里没有公主.txt,0,田侨仔！田侨仔呢！
澄庄,岑凯伦,2012/2/22 23:03,https://xiazai.xqishu.com/rar/澄庄.rar,https://xiazai.xqishu.com/txt/澄庄.txt,0,香港少女来贝儿因生活贫困被迫脱下校服到某家会馆做吧女，
吃花禽兽,卫何早,2012/2/22 12:39,https://xiazai.xqishu.com/rar/吃花禽兽.rar,https://xiazai.xqishu.com/txt/吃花禽兽.txt,0,她对他，其实还有一个字：厌。
痴心悍女,星葶,2014/11/27 15:18,https://xiazai.xqishu.com/rar/痴心悍女.rar,https://xiazai.xqishu.com/txt/痴心悍女.txt,0,暂无
痴心只是难懂,于晴,2011/10/22 19:27,https://xiazai.xqishu.com/rar/痴心只是难懂.rar,https://xiazai.xqishu.com/txt/痴心只是难懂.txt,0,暂无
池中物,那只狐狸,2015/4/17 6:54,https://xiazai.xqishu.com/rar/池中物.rar,https://xiazai.xqishu.com/txt/池中物.txt,0,暂无
冲喜小寡妇,宋语桐(宋雨桐),2012/2/22 12:39,https://xiazai.xqishu.com/rar/冲喜小寡妇.rar,https://xiazai.xqishu.com/txt/冲喜小寡妇.txt,0,小叔上了嫂嫂的床?!?现下这苏州城里有好戏可看了!?这一切都得怪她，他早就好心地拿三千两银票要她退婚，为的就是避免她嫁进来做不成_喜新娘，反倒得为他病危的大哥守寡；果然不出他所料，他大哥拖不过新婚之夜竟就一命呜呼，可没人要她守座贞节牌坊不放，这笨女人为什么该死地想留下来，他气得讥她难道是对死人一见钟情?!甚至忍不住想好好教训她一顿，只是，他教训人的方式却是轻薄她
宠物蝶衣,罗衣,2011/10/27 1:22,https://xiazai.xqishu.com/rar/宠物蝶衣.rar,https://xiazai.xqishu.com/txt/宠物蝶衣.txt,0,jar电子书格式
丑女传,月中天,2011/10/24 19:42,https://xiazai.xqishu.com/rar/丑女传.rar,https://xiazai.xqishu.com/txt/丑女传.txt,0,一个丑女好容易变成了美女，怎么那么不幸啊，没拉风几天居然又被打回了原形，既然获得爱人的心了，丑有如何、美有如何？只是难断前生后世那爱怨纠葛！
丑女闯天下,21876970,2011/10/24 13:46,https://xiazai.xqishu.com/rar/丑女闯天下.rar,https://xiazai.xqishu.com/txt/丑女闯天下.txt,0,"居然还被人追杀,好，我不想活了，我去自杀，刚想到对面大楼跳楼就被车给撞了！"
除了我你还能爱谁,四叶铃兰,2011/10/22 11:56,https://xiazai.xqishu.com/rar/除了我你还能爱谁.rar,https://xiazai.xqishu.com/txt/除了我你还能爱谁.txt,0,暂无
厨娘皇后,78803838,2015/4/17 15:09,https://xiazai.xqishu.com/rar/厨娘皇后.rar,https://xiazai.xqishu.com/txt/厨娘皇后.txt,0,一场爱的争斗，一段爱的搁浅，一个并不绝世的灵性女子，在命运沉浮中演绎着一场至纯至性的情缘。爱，是舍弃，也是争取????厨娘打油诗一首：????穿越好，穿越妙，一朝变成胖厨娘；????心灵美，手儿巧，细数美味与佳肴；????吓得蛤蟆跑，错引公子笑，偏与粉黛比娇俏；????看我独自成妖娆
处女情妇,唐绢,2011/10/23 20:30,https://xiazai.xqishu.com/rar/处女情妇.rar,https://xiazai.xqishu.com/txt/处女情妇.txt,0,七年的时间，让穷小子一跃成为唐氏集团的欧亚总裁，能呼风唤雨的他，却一心只想报复一个女人──江心岑！
触不到的爱,于晴,2011/10/22 19:28,https://xiazai.xqishu.com/rar/触不到的爱.rar,https://xiazai.xqishu.com/txt/触不到的爱.txt,0,暂无
穿回古代做乞丐,林带鱼,2011/10/26 15:36,https://xiazai.xqishu.com/rar/穿回古代做乞丐.rar,https://xiazai.xqishu.com/txt/穿回古代做乞丐.txt,0,我穿，我穿，我穿穿传――
穿越安之若素,李锦银,2011/10/21 9:26,https://xiazai.xqishu.com/rar/穿越安之若素.rar,https://xiazai.xqishu.com/txt/穿越安之若素.txt,0,暂无
穿越古代嫁僵尸：凤王，我在古代等着你,漠情,2011/10/24 0:57,https://xiazai.xqishu.com/rar/穿越古代嫁僵尸：凤王，我在古代等着你.rar,https://xiazai.xqishu.com/txt/穿越古代嫁僵尸：凤王，我在古代等着你.txt,0,一个不经意的早晨，一场不经意的车祸，我，毫无准备，毫无知觉，不可理喻地回到了古代。无可选择，无法拒绝，我钻进了一个3岁小女孩儿的身体里。在古代，我嗜金如命，狂热地盗墓，并一次又一次地将自己置于惊险之中，直到――我开始为他着迷，为他心痛，更为他再次复活而献出自己蓝色的血液。这一切，只因前世的情缘未曾了结
穿越了去做个女侠,殁情,2011/10/21 5:03,https://xiazai.xqishu.com/rar/穿越了去做个女侠.rar,https://xiazai.xqishu.com/txt/穿越了去做个女侠.txt,0,暂时就想到这些。
穿越时空之国色天香,summer,2012/2/22 23:03,https://xiazai.xqishu.com/rar/穿越时空之国色天香.rar,https://xiazai.xqishu.com/txt/穿越时空之国色天香.txt,0,_馨！一__自_代的新新人_，一次不小心穿越到古代．在古代里她的_情_如何把握，如何面___太多的挑_？最后她是_____是．．．．．．．．．．
穿越之爱来了，别逃,水色璎珞,2012/2/22 12:39,https://xiazai.xqishu.com/rar/穿越之爱来了，别逃.rar,https://xiazai.xqishu.com/txt/穿越之爱来了，别逃.txt,0,虽然回到古代她是很兴奋啦，可是为什么一穿来就被人拿剑指着？
穿越之北斗帝国,双子乞丐,2011/10/22 1:19,https://xiazai.xqishu.com/rar/穿越之北斗帝国.rar,https://xiazai.xqishu.com/txt/穿越之北斗帝国.txt,0,暂无
穿越之代替姐姐爱上你,恩琪,2011/10/24 6:15,https://xiazai.xqishu.com/rar/穿越之代替姐姐爱上你.rar,https://xiazai.xqishu.com/txt/穿越之代替姐姐爱上你.txt,0,一个奇怪的梦让她穿越来到古兰国，一颗神奇的寒珠一段出人意料的身世，一个上一代人的恩怨造就了一段悲惨的爱情故事，她爱上了深爱着姐姐的男人，但姐姐的心里爱的却是另外一个人，他慢慢的接受了她的爱，而这对经历了万千阻碍才得以在一起恋人又将面临一场怎样的生死离别，他们能否逃过这次前所未有的大劫难，报仇，死亡，这两条绝路，她要如何选择。且听恩琪慢慢道来。
穿越之当丑女遇上丑男,春本无香,2011/10/21 5:03,https://xiazai.xqishu.com/rar/穿越之当丑女遇上丑男.rar,https://xiazai.xqishu.com/txt/穿越之当丑女遇上丑男.txt,0,"穿越到了古代,倒霉的要嫁给一个凶神恶煞的大将军,不用怕,山人自有妙计,原来自己喜欢的人并不升时微秒年?自己,而是和自己长的像的人?连那个性格有问题的人也喜欢的不是自己?看来都是容貌惹的祸啊!当你必须和一个容貌丑陋的人生活你该做何选择?当你发现真相..."
穿越之恶搞美男,魔鬼壁虎,2015/4/17 6:54,https://xiazai.xqishu.com/rar/穿越之恶搞美男.rar,https://xiazai.xqishu.com/txt/穿越之恶搞美男.txt,0,暂无
穿越之绝版无赖,女巫仙仙,2012/2/22 23:03,https://xiazai.xqishu.com/rar/穿越之绝版无赖.rar,https://xiazai.xqishu.com/txt/穿越之绝版无赖.txt,0,多重身份的冰山美男如何逐渐走向无赖趋势？想知道无赖是怎样炼成的？
穿越之绝色战神,星羽琉璃,2011/10/22 11:56,https://xiazai.xqishu.com/rar/穿越之绝色战神.rar,https://xiazai.xqishu.com/txt/穿越之绝色战神.txt,0,暂无
穿越之恋上大唐邪恶男,蒂青炎,2015/4/17 6:54,https://xiazai.xqishu.com/rar/穿越之恋上大唐邪恶男.rar,https://xiazai.xqishu.com/txt/穿越之恋上大唐邪恶男.txt,0,暂无
穿越之明月何须笑春风,明月如昔,2012/2/22 12:39,https://xiazai.xqishu.com/rar/穿越之明月何须笑春风.rar,https://xiazai.xqishu.com/txt/穿越之明月何须笑春风.txt,0,从江湖的纷争再到宫廷谋术，她都游走自如，只是何日才是她功成身退之时？
穿越之陌上花,孤钵,2011/10/21 5:04,https://xiazai.xqishu.com/rar/穿越之陌上花.rar,https://xiazai.xqishu.com/txt/穿越之陌上花.txt,0,吴人引为佳话。
穿越之全才皇后,胭脂绿,2011/10/23 16:57,https://xiazai.xqishu.com/rar/穿越之全才皇后.rar,https://xiazai.xqishu.com/txt/穿越之全才皇后.txt,0,而且还是个德育体全面发展的美少女
穿越之若痕宫宫主,最好看的天使,2012/2/22 12:39,https://xiazai.xqishu.com/rar/穿越之若痕宫宫主.rar,https://xiazai.xqishu.com/txt/穿越之若痕宫宫主.txt,0,穿越?是多少人的梦想?我也不知道前世积了多少德?才换来一次比中彩票概率还低的穿越之旅?可是（借用一句台词）为什么我的命这么苦?那么多帅哥都跟我有仇?虽然我长得还行吧?但是为什么那么多人要置我于死地（长的丑点也有错！？）?虽然我心里善良?但是为什么那么讨人厌?虽然我武功不咋地吧?但是我就喜欢狗拿耗子多管闲事?虽然处境非常糟?但是有着牛脾气的我?是会这么容易屈服于现实状况的人吗！？笑傲江湖?独步天下?哈哈啊哈?啊?摔一跤（丢脸）?
穿越之我的暴虐王子,追月逐花,2011/10/22 1:19,https://xiazai.xqishu.com/rar/穿越之我的暴虐王子.rar,https://xiazai.xqishu.com/txt/穿越之我的暴虐王子.txt,0,暂无
穿越之乌龙女冠,皇旒,2011/10/25 12:45,https://xiazai.xqishu.com/rar/穿越之乌龙女冠.rar,https://xiazai.xqishu.com/txt/穿越之乌龙女冠.txt,0,　　另类的一女Ｎ男，尽管书中帅哥如林，但由于女主的容貌、性格，所以没人追她，喜欢众男追美情节的朋友们可能会失望的。呃，为了不影响市容，女主在合适的时候会逐渐好看起来。
船,琼瑶,2011/10/22 1:18,https://xiazai.xqishu.com/rar/船.rar,https://xiazai.xqishu.com/txt/船.txt,0,暂无
窗外,琼瑶,2011/10/22 1:18,https://xiazai.xqishu.com/rar/窗外.rar,https://xiazai.xqishu.com/txt/窗外.txt,0,暂无
闯祸金钗,猫子,2015/4/17 6:51,https://xiazai.xqishu.com/rar/闯祸金钗.rar,https://xiazai.xqishu.com/txt/闯祸金钗.txt,0,暂无
春来归梦满清山,白云青枫,2011/10/21 5:06,https://xiazai.xqishu.com/rar/春来归梦满清山.rar,https://xiazai.xqishu.com/txt/春来归梦满清山.txt,0,十五岁的我，会蹲在永和宫的墙角里，强忍着胃痛，咬牙切齿地说：“如玉发誓死皮赖活，上天下地，枪林箭雨，刀山油锅，不管怎样，非嫁给四爷做老婆不可！”
春情荡漾,宋语桐(宋雨桐),2012/2/22 12:39,https://xiazai.xqishu.com/rar/春情荡漾.rar,https://xiazai.xqishu.com/txt/春情荡漾.txt,0,"真终于到了！她梦想中的京都,为了待在姑姑身边她来到冰川家帮佣,可这大少爷真不是普通的帅,害她看傻眼不自觉的向人家「投怀送抱」,但姑姑干么警告她别爱上冰川家的男人？而那顽劣二少爷更笑她是不懂家事的花痴,哼,决定挽袖洗手做羹汤让人瞧瞧真本事,谁知肉没切成手指却差点变佐料,看得连酷酷的他都忍不住笑她,这回又傻傻的险些被个老色鬼强了去,不料他大少爷竟要她下跪给人赔罪"
春色绵绵,宋语桐(宋雨桐),2012/2/22 12:39,https://xiazai.xqishu.com/rar/春色绵绵.rar,https://xiazai.xqishu.com/txt/春色绵绵.txt,0,她有这么滞销吗？
春香说,于晴,2011/10/22 19:28,https://xiazai.xqishu.com/rar/春香说.rar,https://xiazai.xqishu.com/txt/春香说.txt,0,暂无
春之梦幻,岑凯伦,2012/2/22 23:03,https://xiazai.xqishu.com/rar/春之梦幻.rar,https://xiazai.xqishu.com/txt/春之梦幻.txt,0,马家四千金：秋诗、爱诗、梦诗、丽诗，
纯情大野狼,夕烟,2011/10/26 15:36,https://xiazai.xqishu.com/rar/纯情大野狼.rar,https://xiazai.xqishu.com/txt/纯情大野狼.txt,0,jar电子书格式
纯情小后妈,别凡,2011/10/24 13:46,https://xiazai.xqishu.com/rar/纯情小后妈.rar,https://xiazai.xqishu.com/txt/纯情小后妈.txt,0,不要这么恶搞好不好....
纯属意外,席绢,2011/10/23 20:30,https://xiazai.xqishu.com/rar/纯属意外.rar,https://xiazai.xqishu.com/txt/纯属意外.txt,0,他_今年一十九，已婚，育有一子──意外的啦！
此心无垠,无非由,2015/4/17 15:08,https://xiazai.xqishu.com/rar/此心无垠.rar,https://xiazai.xqishu.com/txt/此心无垠.txt,0,"她神秘地穿越，竟莫明成了另一个时空的自己。她天性散漫，随遇而安，只喜欢吃睡二字。不料一场帝王选妃的百花盛宴，将她推向宿命的深渊。
????在男权至上、妻妾成群的天下，她曾经一朝得尽宠爱，更妄想得到坚贞的爱情；却不料百转千回之后，成了权利斗争中，一枚小小的棋子。
????经历了阴谋、背叛和绝望之后，她终于把心磨练成铁，设下瞒天过海之计，只为此心，能自由无垠"
匆匆太匆匆,琼瑶,2011/10/22 1:18,https://xiazai.xqishu.com/rar/匆匆太匆匆.rar,https://xiazai.xqishu.com/txt/匆匆太匆匆.txt,0,暂无
从八零年代开始挥霍,阿懒,2011/10/23 20:29,https://xiazai.xqishu.com/rar/从八零年代开始挥霍.rar,https://xiazai.xqishu.com/txt/从八零年代开始挥霍.txt,0,看多了群魔乱舞，看多了血肉横飞，让我们静静的泡上一杯茶或者其他，找一个安静的下午或者寂寞的午夜，看看，想想，重温一下或许你也经历过的这些事情
大美女爱上蛙,井蛙语海,2011/10/27 1:22,https://xiazai.xqishu.com/rar/大美女爱上蛙.rar,https://xiazai.xqishu.com/txt/大美女爱上蛙.txt,0,jar电子书格式
大明女相之绿柳含烟,月明秦时,2011/10/25 12:45,https://xiazai.xqishu.com/rar/大明女相之绿柳含烟.rar,https://xiazai.xqishu.com/txt/大明女相之绿柳含烟.txt,0,第二卷：丈夫征战沙场的日子，她更深地卷入了宫闱争宠和朝廷争权的斗争中来。而突如其来的一场大病也迫使她去面对曾经的感情：原来丈夫与她竟是海誓山盟的恋人，可到底是什么让相爱的人相对却不能相认？
大清遗梦,琉璃薄苏,2011/10/25 12:45,https://xiazai.xqishu.com/rar/大清遗梦.rar,https://xiazai.xqishu.com/txt/大清遗梦.txt,0,现代女子薄晶因遭遇爱情之伤，遂接受一个神秘老太婆的逃避建议，穿越时空来到顺治年间的清朝。薄晶魂替觉罗氏琳若并选秀入宫，在后宫的斗智斗勇中，从答应一步步晋升为琳妃；同时她也亲眼目睹了皇后、淑妃、希微等皇室妻妾起起落落的命运。原本简单的人情之道，因为夹杂着家族、权势、恩怨、私心而变得扑朔迷离，难以明断。更让薄晶始料不及的是这宫廷之中竟然还有一个与自己同样穿越时空而回的人，那人正预谋着改变既定的历史历史还能改变吗？现代女子薄晶又能否适应清宫内院的风云变幻、找到真爱？?
大叔，休书拿来！,九策,2011/10/18 3:30,https://xiazai.xqishu.com/rar/大叔，休书拿来！.rar,https://xiazai.xqishu.com/txt/大叔，休书拿来！.txt,0,江湖人都知道，邪教大魔头邪战有一个小他一轮的“小女儿”――云初君，含在嘴里，捧在心窝。他最大的情敌是武林盟盟主连无赫。
大兴皇朝番外①②③,于晴,2011/10/22 19:28,https://xiazai.xqishu.com/rar/大兴皇朝番外①②③.rar,https://xiazai.xqishu.com/txt/大兴皇朝番外①②③.txt,0,暂无
大兴王朝,于晴,2011/10/22 19:26,https://xiazai.xqishu.com/rar/大兴王朝.rar,https://xiazai.xqishu.com/txt/大兴王朝.txt,0,暂无
单身隐私,安顿,2011/10/24 0:57,https://xiazai.xqishu.com/rar/单身隐私.rar,https://xiazai.xqishu.com/txt/单身隐私.txt,0,在如花的岁月里，我得到过深切的爱，这就够了.已经3年没听到他的消息了。不知道他在哪里，生活得怎么样，是否还记得我?这个痴情女子。这一切对我已经不再有意义，我已经习惯了无爱无恨，平静如水的?独身生活，不想有什么人重新走进我的生活，让我再受那般伤害，但我至今仍然无?法恨他，他毕竟是我此生唯一爱过的人呵！
当黑帮小姐遇到黑帮少爷,无情冷月,2011/10/21 9:25,https://xiazai.xqishu.com/rar/当黑帮小姐遇到黑帮少爷.rar,https://xiazai.xqishu.com/txt/当黑帮小姐遇到黑帮少爷.txt,0,暂无
当家主母,席绢,2011/10/23 20:30,https://xiazai.xqishu.com/rar/当家主母.rar,https://xiazai.xqishu.com/txt/当家主母.txt,0,麻烦！他实在是太讨厌麻烦了！
当魔鬼谈恋爱,深雪,2011/10/25 12:45,https://xiazai.xqishu.com/rar/当魔鬼谈恋爱.rar,https://xiazai.xqishu.com/txt/当魔鬼谈恋爱.txt,0,他英俊、富有、才华盖世。
当男孩爱上女人,吴棱,2011/10/24 19:42,https://xiazai.xqishu.com/rar/当男孩爱上女人.rar,https://xiazai.xqishu.com/txt/当男孩爱上女人.txt,0,情的最高境界，是为对方放弃一切――包括他（她）自己！情的标准定义，是为对方牺牲一切――包括自己的生命
当男人遇上女人,于晴,2011/10/22 19:26,https://xiazai.xqishu.com/rar/当男人遇上女人.rar,https://xiazai.xqishu.com/txt/当男人遇上女人.txt,0,暂无
当我爱上校花时,eleven,2011/10/22 11:56,https://xiazai.xqishu.com/rar/当我爱上校花时.rar,https://xiazai.xqishu.com/txt/当我爱上校花时.txt,0,暂无
当心我用千鸟了结你,竞辰,2011/10/24 0:57,https://xiazai.xqishu.com/rar/当心我用千鸟了结你.rar,https://xiazai.xqishu.com/txt/当心我用千鸟了结你.txt,0,也是一个极其豪放的女生。军训时就靠着以前学过跆拳道的三拳两脚放倒了一个欺负同学的男生，
荡风追,镜中非静,2012/2/22 12:39,https://xiazai.xqishu.com/rar/荡风追.rar,https://xiazai.xqishu.com/txt/荡风追.txt,0,"风宁是个聋哑的受伤少女，在奇怪的车祸后穿越时空，成为轩辕世家的长子。原本以为从此可以幸福的生活，却没想到早在转世时，便陷入了一场阴谋之中。他只想逃跑，只想逃避，却深陷其中，无法摆脱。所有的人都有着自己的秘密，而他，则是这些秘密揭开真相的唯一！我是谁？你又是谁？为什麽一切都要分得那麽的清楚！我只想爱，想被爱！就算不会爱，至少不要伤害！我是谁?你是谁?前世是什麽?今世又算得了什麽!只要我愿意,只要你幸福,我可以做出任何的事情!互相的伤害，自以为是的隐瞒，一切的一切那麽真却又是多麽的愚蠢我们在爱情中互相利用，互相猜忌，互相伤害所有的纠缠永世不得解脱！～～～～～～～～～～～～～～～厄～绝对不会是悲剧。只不过人家觉得这样的简介教有内涵！（已经被ｐａｉ飞了！）应该会是np吧～如果在写的过程中没有很大的变动就绝对是np！我是好妈妈，决不会让可爱的孩子死翘翘的。死了就不np了！虐的话，一点点，就一点点～"
到处是秘密,于晴,2011/10/22 19:26,https://xiazai.xqishu.com/rar/到处是秘密.rar,https://xiazai.xqishu.com/txt/到处是秘密.txt,0,暂无
等待离婚的日子,陈翠,2012/2/22 12:39,https://xiazai.xqishu.com/rar/等待离婚的日子.rar,https://xiazai.xqishu.com/txt/等待离婚的日子.txt,0,如果你此刻正对爱情充满渴望，以为婚姻是又一场热烈情怀的开始，那么建议你看看这本书；如果你即将步入婚姻殿堂希望与对方长久厮守相安无事，又或者情感平淡正处于婚姻之痒，那么你一定要看看这本书。
等一个人咖啡,九把刀,2011/10/22 11:56,https://xiazai.xqishu.com/rar/等一个人咖啡.rar,https://xiazai.xqishu.com/txt/等一个人咖啡.txt,0,暂无
帝都赋之和绅,轻罗小扇,2012/2/22 12:39,https://xiazai.xqishu.com/rar/帝都赋之和绅.rar,https://xiazai.xqishu.com/txt/帝都赋之和绅.txt,0,点下朱砂，20年後，如若相见，定当补偿。
帝王业,寐语者,2011/10/24 0:57,https://xiazai.xqishu.com/rar/帝王业.rar,https://xiazai.xqishu.com/txt/帝王业.txt,0,铁与血，流血千里帝王路
帝王游戏,古意,2012/2/22 12:39,https://xiazai.xqishu.com/rar/帝王游戏.rar,https://xiazai.xqishu.com/txt/帝王游戏.txt,0,重生在青楼，风情万种的她，竟然不是红牌姑娘幸好，幸好，幸好！可是当看到那一群貌美如花的姑娘望着她，难道她，她，她竟然是这万花楼的老大？
第八号当铺,深雪,2011/10/26 15:36,https://xiazai.xqishu.com/rar/第八号当铺.rar,https://xiazai.xqishu.com/txt/第八号当铺.txt,0,jar电子书格式
第二,席绢,2015/1/17 10:59,https://xiazai.xqishu.com/rar/第二.rar,https://xiazai.xqishu.com/txt/第二.txt,0,暂无
第三种爱情,自由行走,2011/10/24 6:15,https://xiazai.xqishu.com/rar/第三种爱情.rar,https://xiazai.xqishu.com/txt/第三种爱情.txt,0,他爱上了她，在她还不知道他是谁的时候。他想给她一切，只是他需要时间。她也一样，她甚至无法抵抗他的清澈眼神。不该开始的，往往都会开始，一旦开始了，就只能在甜蜜与伤痛中沉沦。他说：不要想将来，将来让我来想。她说：我不要将来，我只要现在。真的能做到吗？
第一贵妇,熙宝,2011/10/16 8:07,https://xiazai.xqishu.com/rar/第一贵妇.rar,https://xiazai.xqishu.com/txt/第一贵妇.txt,0,他撇我一眼，不说话，额头上的青筋抖动了一下。
第一皇妃,犬犬,2015/4/17 15:06,https://xiazai.xqishu.com/rar/第一皇妃.rar,https://xiazai.xqishu.com/txt/第一皇妃.txt,0,"她是天之骄女，一个传说、一场梦、一次穿越，让她来到三千年前的古代赫梯，从叛军首领到米特女王，她的冷静聪慧在这古老的时空中无往不利，却偏偏逃脱不了他狂肆的爱。
????他为帝王，权力、狡诈、野心，一样不缺，但权力是为了保护她，野心是为了给她最好的一切，狡诈则是为了能够得到她。
????命运注定了他们此生的相遇，更是千世轮回的因果，历史洪流潺潺，爱情缱绻绵绵，融合成那遥远的时空纷飞的一页。"
点绛唇,席绢,2015/1/7 17:55,https://xiazai.xqishu.com/rar/点绛唇.rar,https://xiazai.xqishu.com/txt/点绛唇.txt,0,暂无
刁钻金钗,星葶,2015/4/17 6:33,https://xiazai.xqishu.com/rar/刁钻金钗.rar,https://xiazai.xqishu.com/txt/刁钻金钗.txt,0,暂无
掉到大清做小妾,扑火,2011/10/24 6:15,https://xiazai.xqishu.com/rar/掉到大清做小妾.rar,https://xiazai.xqishu.com/txt/掉到大清做小妾.txt,0,正因为参选秀女者出身不低，因此她们一旦入选，就或者进入皇帝的后宫，或者支配宗室皇子皇孙。虽然说高处不胜寒，危机四伏。但是更有可能光宗耀祖，因此这些满洲家的小姐们在娘家时，家人都不敢小觑，都对她们宠爱备至，人称“当家姑奶奶”。
谍海恋情,伊恩・弗莱明,2011/10/22 11:56,https://xiazai.xqishu.com/rar/谍海恋情.rar,https://xiazai.xqishu.com/txt/谍海恋情.txt,0,暂无
东京东,童非非,2011/10/27 1:22,https://xiazai.xqishu.com/rar/东京东.rar,https://xiazai.xqishu.com/txt/东京东.txt,0,jar电子书格式
都是那个吻害的,沈洛,2011/10/26 15:36,https://xiazai.xqishu.com/rar/都是那个吻害的.rar,https://xiazai.xqishu.com/txt/都是那个吻害的.txt,0,jar电子书格式
斗妻番外篇,于晴,2011/10/22 19:26,https://xiazai.xqishu.com/rar/斗妻番外篇.rar,https://xiazai.xqishu.com/txt/斗妻番外篇.txt,0,暂无
独钓寒江雪,龙庭江雪,2012/2/22 12:39,https://xiazai.xqishu.com/rar/独钓寒江雪.rar,https://xiazai.xqishu.com/txt/独钓寒江雪.txt,0,不同时空，不同际遇，
独倾君心,于晴,2011/10/22 19:26,https://xiazai.xqishu.com/rar/独倾君心.rar,https://xiazai.xqishu.com/txt/独倾君心.txt,0,暂无
独自去偷欢,席绢,2011/10/23 20:30,https://xiazai.xqishu.com/rar/独自去偷欢.rar,https://xiazai.xqishu.com/txt/独自去偷欢.txt,0,沈_、__，
赌场恩仇记,伊恩・弗莱明,2011/10/22 11:56,https://xiazai.xqishu.com/rar/赌场恩仇记.rar,https://xiazai.xqishu.com/txt/赌场恩仇记.txt,0,暂无
赌局,易人北,2011/10/26 15:36,https://xiazai.xqishu.com/rar/赌局.rar,https://xiazai.xqishu.com/txt/赌局.txt,0,两位皇子无心的玩笑赌约，让一位生在淳朴乡下的庄稼汉子，瞬间跃上枝头做凤凰！这位身强体健、头壮但脑不怎么善用的堂堂八尺男儿铁牛，糊里糊涂地“嫁”入皇家，开始他有听没有懂的王妃生活。
妒妇,纳兰,2011/10/24 6:15,https://xiazai.xqishu.com/rar/妒妇.rar,https://xiazai.xqishu.com/txt/妒妇.txt,0,照样敌不过男人的花心。
断肠芳草远,舞月飘雪,2012/2/22 12:39,https://xiazai.xqishu.com/rar/断肠芳草远.rar,https://xiazai.xqishu.com/txt/断肠芳草远.txt,0,她，独倚栏杆，幽怨低吟：“春已半，触目此情无限。十二阑干闲倚遍，愁来天不管。好是风和日暖，输与莺莺燕燕。满院落花不卷，断肠芳草远。”?他，远走他乡，梦回独叹：“少情怨，此去经年心定还。黑发去白发来，唯惧归鸿远。待来年春芽暖，柳枝来来回回...
断指娘子,于晴,2011/10/22 19:26,https://xiazai.xqishu.com/rar/断指娘子.rar,https://xiazai.xqishu.com/txt/断指娘子.txt,0,暂无
对不起穿错了,罗衣,2011/10/21 5:03,https://xiazai.xqishu.com/rar/对不起穿错了.rar,https://xiazai.xqishu.com/txt/对不起穿错了.txt,0,一个发誓在完成任务的同时爱情与事业并重，搞几段轰轰烈烈的艳遇；
恶魔的爱女,典心,2011/10/26 15:36,https://xiazai.xqishu.com/rar/恶魔的爱女.rar,https://xiazai.xqishu.com/txt/恶魔的爱女.txt,0,jar电子书格式
恶魔的天使,冷钻,2011/10/27 1:22,https://xiazai.xqishu.com/rar/恶魔的天使.rar,https://xiazai.xqishu.com/txt/恶魔的天使.txt,0,jar电子书格式
恶魔的甜蜜陷阱,紫乌鸦,2011/10/24 13:46,https://xiazai.xqishu.com/rar/恶魔的甜蜜陷阱.rar,https://xiazai.xqishu.com/txt/恶魔的甜蜜陷阱.txt,0,一场庄严肃穆的丧礼过后，静静聆听完律师宣读遗嘱的众亲属们在听到早已意料中的内容后，带着心满意足的笑容开始鱼贯地走出宏伟教堂内所附设的小房间，只余留下两名身穿黑色丧服的金发与黑发男子以及另一名同样身穿丧服，却美丽可爱的像尊瑭瓷娃娃般的黑发小娃儿一同留在沉闷凝重的空气里头。
恶魔赖上乖乖女,卡卡,2011/10/21 5:03,https://xiazai.xqishu.com/rar/恶魔赖上乖乖女.rar,https://xiazai.xqishu.com/txt/恶魔赖上乖乖女.txt,0,是变成恶魔还是逃跑
恶魔小组,银锋,2011/10/27 1:22,https://xiazai.xqishu.com/rar/恶魔小组.rar,https://xiazai.xqishu.com/txt/恶魔小组.txt,0,jar电子书格式
恩人好无赖,裘梦,2011/10/24 6:15,https://xiazai.xqishu.com/rar/恩人好无赖.rar,https://xiazai.xqishu.com/txt/恩人好无赖.txt,0,反正闲王府的十三小姐当久了，换个身份也颇有趣，
二两娘子,安思源,2011/10/21 5:05,https://xiazai.xqishu.com/rar/二两娘子.rar,https://xiazai.xqishu.com/txt/二两娘子.txt,0,终于，十七岁的时候她初为人妇；又终于，二十岁的时候她变成了寡妇。
二年二班蜜恋美男,小雅,2011/10/27 1:22,https://xiazai.xqishu.com/rar/二年二班蜜恋美男.rar,https://xiazai.xqishu.com/txt/二年二班蜜恋美男.txt,0,jar电子书格式
法老王的情妇,黄若文,2011/10/24 0:57,https://xiazai.xqishu.com/rar/法老王的情妇.rar,https://xiazai.xqishu.com/txt/法老王的情妇.txt,0,为了巩固地位，他必须四处征战，灭敌无数，十年来他的_悍绝情让埃及跃上强国霸位，却令快乐无忧的公主那法娣妮族毁人亡，一日，王城外始料未及的邂逅，就此改变二人的命运
反骨金钗,梦云,2014/11/23 1:37,https://xiazai.xqishu.com/rar/反骨金钗.rar,https://xiazai.xqishu.com/txt/反骨金钗.txt,0,暂无
飞花之春,暗夜女巫,2011/10/24 13:46,https://xiazai.xqishu.com/rar/飞花之春.rar,https://xiazai.xqishu.com/txt/飞花之春.txt,0,对不起，我可不接受包办婚姻，跟何况自己活到现在还没谈过恋爱！
妃临六界：唯我独宠,若有所湿,2011/10/18 3:30,https://xiazai.xqishu.com/rar/妃临六界：唯我独宠.rar,https://xiazai.xqishu.com/txt/妃临六界：唯我独宠.txt,0,她不过是为了找回项链，怎么会穿越到异世界？
非常狼族,孟琴,2011/10/24 6:15,https://xiazai.xqishu.com/rar/非常狼族.rar,https://xiazai.xqishu.com/txt/非常狼族.txt,0,没事儿还冒出来个舅舅！啥？这舅舅还不是亲的？！
非君莫属,于晴,2011/10/22 19:26,https://xiazai.xqishu.com/rar/非君莫属.rar,https://xiazai.xqishu.com/txt/非君莫属.txt,0,暂无
非你莫属,席绢,2011/10/25 12:45,https://xiazai.xqishu.com/rar/非你莫属.rar,https://xiazai.xqishu.com/txt/非你莫属.txt,0,　　包括自家对面那位刚搬来的新邻居；?
肥妞翻身大作战,欣欣君,2011/10/27 1:22,https://xiazai.xqishu.com/rar/肥妞翻身大作战.rar,https://xiazai.xqishu.com/txt/肥妞翻身大作战.txt,0,jar电子书格式
粉嫩小王妃,游魂无泪,2011/10/18 3:30,https://xiazai.xqishu.com/rar/粉嫩小王妃.rar,https://xiazai.xqishu.com/txt/粉嫩小王妃.txt,0,第一次，一盆菜汤泼下来，两人打的不可开交，得知真相，纳兰云朝简直要吐血：“我绝不嫁给这个扫把星！”东方风旭也不甘示弱：“你以为我想娶你？要内涵没内涵，要身材没身材，倒贴我都不要！”哼，不要？不要你还像跟屁虫似的连着？王爷？不过是我的一个玩物。
风帮少主,宋语桐(宋雨桐),2012/2/22 12:39,https://xiazai.xqishu.com/rar/风帮少主.rar,https://xiazai.xqishu.com/txt/风帮少主.txt,0,双亲过世前要她来找风，但没想到一待就是三年多，
风暴女神,vivina2000,2011/10/24 0:57,https://xiazai.xqishu.com/rar/风暴女神.rar,https://xiazai.xqishu.com/txt/风暴女神.txt,0,“我，凯罗尔，应验于粘土版上的咒语，从此为坎坷的命运，饮泣于尼罗河底”
风吹向何方,天下尘埃,2011/10/24 19:42,https://xiazai.xqishu.com/rar/风吹向何方.rar,https://xiazai.xqishu.com/txt/风吹向何方.txt,0,他乖张多疑，冷酷无情，是一个残暴的王；
风神之说,候已,2011/10/24 19:42,https://xiazai.xqishu.com/rar/风神之说.rar,https://xiazai.xqishu.com/txt/风神之说.txt,0,"高一学生夜弥生对同班的土里土气却成绩优秀的女生唐娑伊很有偏见,一日跟踪她回家,发现了天大的秘密――这个看似平凡的女生，居然是神人的后代，而且:其实美丽非凡!夜弥生从此被深深吸引,为这个举止粗鲁但貌若天仙的女生.他喜欢上了她,可是,一个是神人的后裔,一个是平凡的中学生,他要如何做才配得上她,是他一生的难题......"
风烟引（最终版）,伊吕,2011/10/23 16:57,https://xiazai.xqishu.com/rar/风烟引（最终版）.rar,https://xiazai.xqishu.com/txt/风烟引（最终版）.txt,0,目录：
风月无双,瞳微,2011/10/24 19:42,https://xiazai.xqishu.com/rar/风月无双.rar,https://xiazai.xqishu.com/txt/风月无双.txt,0,一共四部全集完。
风逐梧桐,栀子染,2011/10/18 3:30,https://xiazai.xqishu.com/rar/风逐梧桐.rar,https://xiazai.xqishu.com/txt/风逐梧桐.txt,0,她只是一个平凡的人，与所在乎的人偏安一隅就好，过她自己的日子
疯狂时代小糊涂,梦幻神龟,2011/10/18 3:30,https://xiazai.xqishu.com/rar/疯狂时代小糊涂.rar,https://xiazai.xqishu.com/txt/疯狂时代小糊涂.txt,0,主人公李青深深的暗恋着一个女孩，孟香怡，每每见到她时，内心产生恐惧，害怕。而当看不见她时，却又心慌意乱，想入飞飞。他自己身边也有一个曾经就默默爱着自己的女孩，姚兰。一个是自己深爱的人，她已令属他人，内心依然想着她。
逢魔时刻,席绢,2011/10/23 20:30,https://xiazai.xqishu.com/rar/逢魔时刻.rar,https://xiazai.xqishu.com/txt/逢魔时刻.txt,0,__痛扁__牛皮糖替天行道一下好_??世上怎_有____的男人!?
凤斗,竹喧,2015/4/17 6:33,https://xiazai.xqishu.com/rar/凤斗.rar,https://xiazai.xqishu.com/txt/凤斗.txt,0,暂无
凤凰女王,纯黑的猫,2011/10/24 19:42,https://xiazai.xqishu.com/rar/凤凰女王.rar,https://xiazai.xqishu.com/txt/凤凰女王.txt,0,你不是我们的孩子
凤家女,清枫聆心,2011/10/16 8:07,https://xiazai.xqishu.com/rar/凤家女.rar,https://xiazai.xqishu.com/txt/凤家女.txt,0,重生！此文也有重生，不过此类非彼类。
凤命天子之思情刀,冷风扬,2011/10/24 13:46,https://xiazai.xqishu.com/rar/凤命天子之思情刀.rar,https://xiazai.xqishu.com/txt/凤命天子之思情刀.txt,0,在这片大陆上，有着三个国家，贡国，云国和兴国，三国实力相当，大有群雄逐鹿之意。而在这片大陆上，只有一个江湖，天下之大唯有江湖，行走在江湖里的人不分国界，只重视实力。
凤栖梧桐,念烟羽,2012/2/22 12:39,https://xiazai.xqishu.com/rar/凤栖梧桐.rar,https://xiazai.xqishu.com/txt/凤栖梧桐.txt,0,而她?是只伤心小鸟?带着虚渺的期盼?那边的他?如风般软弱
凤求凰,于晴,2015/4/17 20:14,https://xiazai.xqishu.com/rar/凤求凰.rar,https://xiazai.xqishu.com/txt/凤求凰.txt,0,暂无
凤箫折扇美人,冷清明,2011/10/24 0:57,https://xiazai.xqishu.com/rar/凤箫折扇美人.rar,https://xiazai.xqishu.com/txt/凤箫折扇美人.txt,0,唱一支抑扬顿挫婉转曲；书一段聚散离合痴怨说。烟波浩渺，浸染着山川河岳；风月柔和，笼罩在亭台楼阁。不经心、能惊起、千秋过客；一回眸、已身在、万里星河。叹只叹：半生劳碌功名少；两鬓沧桑忧怨多。人易老；曲难和。
夫满天下,傲薇,2011/10/16 8:07,https://xiazai.xqishu.com/rar/夫满天下.rar,https://xiazai.xqishu.com/txt/夫满天下.txt,0,命运的坎坷让她看到自己的不足，她一步步蜕变，一步步成长。漫漫修仙之路，何处才是终点。
浮沉岁月,青春似火,2011/10/24 19:42,https://xiazai.xqishu.com/rar/浮沉岁月.rar,https://xiazai.xqishu.com/txt/浮沉岁月.txt,0,茫然四顾，
福气女史,卫小游,2011/10/25 12:45,https://xiazai.xqishu.com/rar/福气女史.rar,https://xiazai.xqishu.com/txt/福气女史.txt,0,哈！实在是憨傻得太有趣了，让他忍不住想逗弄逗弄她。
腐骨蚀心,血色琉璃猫,2011/10/24 13:46,https://xiazai.xqishu.com/rar/腐骨蚀心.rar,https://xiazai.xqishu.com/txt/腐骨蚀心.txt,0,虽然没心没肺，但也不傻不笨的；
富家女,席绢,2011/10/23 20:30,https://xiazai.xqishu.com/rar/富家女.rar,https://xiazai.xqishu.com/txt/富家女.txt,0,又失_了？借__是_家的笨妹妹呀？真是─太可_了！
缚石,君芷锍,2011/10/24 6:15,https://xiazai.xqishu.com/rar/缚石.rar,https://xiazai.xqishu.com/txt/缚石.txt,0,《缚石2》作者已经开始落笔，《缚石2》并不是《缚石》的续集而是系列，独立成篇。《缚石2》将由《缚石》中呼声奇高的极品俊酷美帅男“上云”担纲，上演一幕幕温情杀戮、乾坤争霸的故事！
高档货小厨娘,米栩,2011/10/25 12:45,https://xiazai.xqishu.com/rar/高档货小厨娘.rar,https://xiazai.xqishu.com/txt/高档货小厨娘.txt,0,不是吧――?
高跟鞋来袭,花谢花开无穷尽,2011/10/18 3:31,https://xiazai.xqishu.com/rar/高跟鞋来袭.rar,https://xiazai.xqishu.com/txt/高跟鞋来袭.txt,0,此刻却亮若白昼，
高三故事,阿巳,2011/10/27 1:22,https://xiazai.xqishu.com/rar/高三故事.rar,https://xiazai.xqishu.com/txt/高三故事.txt,0,jar电子书格式
高校诡话,夷梦,2012/2/22 23:03,https://xiazai.xqishu.com/rar/高校诡话.rar,https://xiazai.xqishu.com/txt/高校诡话.txt,0,离奇校园中弥漫着令人胆颤的鬼魅传闻、恶毒无比的蛊术再现、无法磨灭的麒麟之缘
高校群英,龙绘天书,2011/10/27 1:22,https://xiazai.xqishu.com/rar/高校群英.rar,https://xiazai.xqishu.com/txt/高校群英.txt,0,jar电子书格式
给我一支烟,美女变大树,2011/10/27 1:22,https://xiazai.xqishu.com/rar/给我一支烟.rar,https://xiazai.xqishu.com/txt/给我一支烟.txt,0,jar电子书格式
功夫,九把刀,2011/10/22 11:56,https://xiazai.xqishu.com/rar/功夫.rar,https://xiazai.xqishu.com/txt/功夫.txt,0,暂无
宫斗高手在现代,孤钵,2011/10/21 5:03,https://xiazai.xqishu.com/rar/宫斗高手在现代.rar,https://xiazai.xqishu.com/txt/宫斗高手在现代.txt,0,谁说反穿就无法安生立命，女主，一样的彪悍！
宫怀缱绻,一半是天使,2011/10/21 5:03,https://xiazai.xqishu.com/rar/宫怀缱绻.rar,https://xiazai.xqishu.com/txt/宫怀缱绻.txt,0,初见、怦然......
宫女娘娘,摇摇,2011/10/16 8:07,https://xiazai.xqishu.com/rar/宫女娘娘.rar,https://xiazai.xqishu.com/txt/宫女娘娘.txt,0,作为一个低调的小宫女，听听各殿妃子的八卦，偷吃点皇上的御膳，在御花园美美地晒晒太阳，为什么就莫名其妙地被牵扯进了宫斗的漩涡？皇上，偶只是个小宫女哇。
宫倾,月下箫声,2011/10/24 6:15,https://xiazai.xqishu.com/rar/宫倾.rar,https://xiazai.xqishu.com/txt/宫倾.txt,0,引子
宫杀,唐小淮,2011/10/21 5:04,https://xiazai.xqishu.com/rar/宫杀.rar,https://xiazai.xqishu.com/txt/宫杀.txt,0,红颜自古多薄命，躲避了家府的情怨，自谓来至桃花源，却身陷宫闱杀戮中。叛逆、忠诚，是非难辨。后退是万丈的深渊，往前挣身是蛇虫虎豹。堂皇富丽的宫廷，内则肮脏淫亵。一介绣女，如何在泥泞中挪足？是宫井中又多了一缕冤魂，还是朝堂上多了一位叱咤的娘娘？
宫闱秘史,向斯,2012/2/22 12:39,https://xiazai.xqishu.com/rar/宫闱秘史.rar,https://xiazai.xqishu.com/txt/宫闱秘史.txt,0,中国古代的宫廷之中，性喜渔色的帝王竟相打破宫女数量的记录，让美女充栋，以满足一颗多情纵欲的雄心。然而，无数的红颜侍奉一个帝王，有得宠的自然就有失宠的，有欢乐的自然就有痛苦的。后宫便成了无数女人争宠的无声的战场，这个战场中的胜利者荣华富贵，尊宠无比，而失败者则苦海无边，在血泪斑斑的日月中了此残生。
孤灯倩影,折了双翼,2011/10/25 12:45,https://xiazai.xqishu.com/rar/孤灯倩影.rar,https://xiazai.xqishu.com/txt/孤灯倩影.txt,0,死了也不死，是我无法抹去的记忆。
古代风云录,逍遥双子星,2011/10/24 19:42,https://xiazai.xqishu.com/rar/古代风云录.rar,https://xiazai.xqishu.com/txt/古代风云录.txt,0,现在的生活实在是太无聊了，林子美向老天大喊“我讨厌这个身份，让我解脱吧！”没想到老天真让她解脱了，可她也没说要解脱到古代啊！哈！自己附身到了一个绝世高手+美人身上，也不亏啦！反正也是来了，就发扬一下小宝（韦小宝）精神，混个女侠应该没问题，可这里的美男实在多，哎！就怪自己心肠超软，烂好人一个，桃花运挡都挡不住，上至皇子，下至青楼全包了，呜-----人家不想要那么多行不行，可一看到美男伤心-------我投降还不行！
古董杂货店,晋江原创网,2011/10/24 6:15,https://xiazai.xqishu.com/rar/古董杂货店.rar,https://xiazai.xqishu.com/txt/古董杂货店.txt,0,两个相貌一样性格相反的神秘姐妹开了一家专门进行古董交易的店铺。这是一个奇怪的店铺，它不是每个人都能看见的。但是每个走进去的人都有一段光怪陆离的故事，她们似乎一直在守护和等待着什么。姐姐白月拥有封印和守护的神奇力量，妹妹红云拥有攻击和解放的神奇力量，她们共同守护着这个充满神秘力量的空间。在这个空间里没有时间，没有地点有的只是人与人之间超越生死的感情。
古骨族传奇,针叶,2011/10/26 15:36,https://xiazai.xqishu.com/rar/古骨族传奇.rar,https://xiazai.xqishu.com/txt/古骨族传奇.txt,0,宇宙六界：妖、怪、人、鬼、灵、魔。「古骨族」是生存于灵界的族类之一，他们以经营骨质品为生，最爱收藏各类稀有生物的骨骼。话说，古骨族有位老族长，老族长有座收藏楼名「骨骨阁」。某一天，老族长的小孙子粗心撞碎了骨骨阁内的收藏，老族长胡子揪掉一大把，急传金木水火土五大「星骨宫」执行者，务必找回一模一样的骨骼。五尊各自领命，于是黑齿人、瓷骨人纷纷登场，落头民、咸巫族挑生事端，更有罕见异禽「双尾肥遗」、「红狼鼠」
古墓中的恋人,可狼,2011/10/24 0:57,https://xiazai.xqishu.com/rar/古墓中的恋人.rar,https://xiazai.xqishu.com/txt/古墓中的恋人.txt,0,"此作品跟西方玄幻里的<夕阳恒沙>是同一部,但那部作品在空间描述上很混乱,所以重新整理后再与大家见面,这次保证大家能看明白,也会喜欢上它!!?许多人认为夕阳象征着美丽的没落要不何来“夕阳无限好只是近黄昏”这样惆怅的诗句，然而难道就没有人抛开古人定下的思维来诠释这一美丽的现象吗――提与阿诺莉安的爱情会让你明白爱情最伟大的力量，给予你心灵最震撼的旅程，让不相信爱的你；对爱情迷茫的你或沉溺在爱中的你；等待爱情降临的你经历一次灵魂的洗礼，让他们给你解答爱情的夕阳过后是永远的消逝还是如沙子般恒久吧"
拐个王爷回现代：王的宠妃,飘摇,2011/10/18 3:31,https://xiazai.xqishu.com/rar/拐个王爷回现代：王的宠妃.rar,https://xiazai.xqishu.com/txt/拐个王爷回现代：王的宠妃.txt,0,穿越到了古代，
怪丫头,席绢,2011/10/23 20:30,https://xiazai.xqishu.com/rar/怪丫头.rar,https://xiazai.xqishu.com/txt/怪丫头.txt,0,啊十五岁了呢！可以下山去作威作福――
光射之海,[日]铃木光司,2011/10/24 0:57,https://xiazai.xqishu.com/rar/光射之海.rar,https://xiazai.xqishu.com/txt/光射之海.txt,0,投海自杀未遂的精神病女子，怀有五个月的身孕，谜一样地住进了望月医生所在的精神病医院。她失去了记忆，只是反反复复唱着一首哀怨的《镜子里》。她是谁？她叫什么名字？她有着怎样的经历？她怀的是谁的孩子？她为什么自杀？谜一样的女子，引出了一个无边的巨大谜团
鬼嫁,梳,2011/10/21 5:05,https://xiazai.xqishu.com/rar/鬼嫁.rar,https://xiazai.xqishu.com/txt/鬼嫁.txt,0,【第一卷：鬼嫁】
鬼镜狂想曲,keller,2011/10/26 15:36,https://xiazai.xqishu.com/rar/鬼镜狂想曲.rar,https://xiazai.xqishu.com/txt/鬼镜狂想曲.txt,0,jar电子书格式
鬼丈夫,琼瑶,2011/10/22 1:18,https://xiazai.xqishu.com/rar/鬼丈夫.rar,https://xiazai.xqishu.com/txt/鬼丈夫.txt,0,暂无
滚开啦！大色狼,莫颜,2011/10/27 1:22,https://xiazai.xqishu.com/rar/滚开啦！大色狼.rar,https://xiazai.xqishu.com/txt/滚开啦！大色狼.txt,0,作者：莫颜
还你前生命债,岑凯伦,2011/10/21 5:05,https://xiazai.xqishu.com/rar/还你前生命债.rar,https://xiazai.xqishu.com/txt/还你前生命债.txt,0,人生就像一场戏，结局往往难以预料。
还珠格格,琼瑶,2011/10/22 1:18,https://xiazai.xqishu.com/rar/还珠格格.rar,https://xiazai.xqishu.com/txt/还珠格格.txt,0,暂无
海火行动,作者不详,2011/10/22 11:56,https://xiazai.xqishu.com/rar/海火行动.rar,https://xiazai.xqishu.com/txt/海火行动.txt,0,暂无
海龙战家,黑洁明,2011/10/26 15:36,https://xiazai.xqishu.com/rar/海龙战家.rar,https://xiazai.xqishu.com/txt/海龙战家.txt,0,jar电子书格式
海鸥飞处,琼瑶,2011/10/22 1:18,https://xiazai.xqishu.com/rar/海鸥飞处.rar,https://xiazai.xqishu.com/txt/海鸥飞处.txt,0,暂无
韩城绝恋,水玲珑,2012/2/22 23:03,https://xiazai.xqishu.com/rar/韩城绝恋.rar,https://xiazai.xqishu.com/txt/韩城绝恋.txt,0,比《天堂的阶梯》更凄美动人的恋曲，爱在首尔；爱在天堂。
寒烟翠,琼瑶,2011/10/22 1:19,https://xiazai.xqishu.com/rar/寒烟翠.rar,https://xiazai.xqishu.com/txt/寒烟翠.txt,0,暂无
捍卫女英豪,楚昀,2011/10/24 19:42,https://xiazai.xqishu.com/rar/捍卫女英豪.rar,https://xiazai.xqishu.com/txt/捍卫女英豪.txt,0,竟穿越时空见到自己心仪的杜南公爵，
豪门奇谭,岑凯伦,2012/2/22 23:03,https://xiazai.xqishu.com/rar/豪门奇谭.rar,https://xiazai.xqishu.com/txt/豪门奇谭.txt,0,富豪包国富有三个儿子：包之龙、包之信、包之杰。
豪门献妻：恋上契约老公,恋恋清成,2011/10/18 3:29,https://xiazai.xqishu.com/rar/豪门献妻：恋上契约老公.rar,https://xiazai.xqishu.com/txt/豪门献妻：恋上契约老公.txt,0,她苦苦的等待自己长大，
好辩金钗,林淮玉,2015/4/17 6:56,https://xiazai.xqishu.com/rar/好辩金钗.rar,https://xiazai.xqishu.com/txt/好辩金钗.txt,0,暂无